match_id,champion,win
EUW1_6962567111,Viego,True
EUW1_6963270847,Viego,False
EUW1_6963197405,Viego,True
EUW1_6962900494,Viego,True
EUW1_6963147239,Viego,True
EUW1_6962415045,Viego,False
EUW1_6963142552,Viego,True
EUW1_6963273504,Viego,False
EUW1_6963094596,Viego,True
EUW1_6963038410,Viego,True
EUW1_6963312015,Viego,False
EUW1_6963291225,Viego,False
EUW1_6963210348,Viego,True
EUW1_6963282811,Viego,False
EUW1_6963081712,Viego,True
EUW1_6962949102,Viego,True
EUW1_6963292099,Viego,False
EUW1_6963241026,Viego,False
EUW1_6962906918,Viego,False
EUW1_6961881691,Viego,False
EUW1_6963253468,Viego,True
EUW1_6962968693,Viego,True
EUW1_6962498848,Viego,False
EUW1_6963224807,Viego,True
EUW1_6961181519,Viego,True
EUW1_6962451772,Viego,False
EUW1_6952285263,Viego,False
EUW1_6962489990,Viego,False
EUW1_6962479652,Viego,False
EUW1_6962440173,Viego,False
EUW1_6962567687,Viego,False
EUW1_6961389993,Viego,True
EUW1_6963219081,Viego,False
EUW1_6962977709,Viego,False
EUW1_6961857668,Viego,False
EUW1_6962335820,Viego,False
EUW1_6963139177,Viego,True
EUW1_6963142139,Viego,True
EUW1_6962718935,Viego,False
EUW1_6962948304,Viego,True
EUW1_6963103467,Viego,False
EUW1_6963174136,Viego,True
EUW1_6962714354,Viego,False
EUW1_6962891782,Viego,False
EUW1_6960619119,Viego,True
EUW1_6961954136,Viego,True
EUW1_6963238674,Viego,False
EUW1_6962212479,Viego,True
EUW1_6963085975,Viego,True
EUW1_6963277760,Viego,True
EUW1_6963232662,Viego,True
EUW1_6963033460,Viego,False
EUW1_6962548268,Viego,True
EUW1_6962976068,Viego,False
EUW1_6963098620,Viego,True
EUW1_6963057325,Viego,False
EUW1_6962405340,Viego,False
EUW1_6961885637,Viego,True
EUW1_6961834543,Viego,False
EUW1_6962796802,Viego,True
EUW1_6962091567,Viego,True
EUW1_6961985934,Viego,False
EUW1_6963195717,Viego,True
EUW1_6962137751,Viego,True
EUW1_6963291639,Viego,False
EUW1_6961383456,Viego,True
EUW1_6963012144,Viego,False
EUW1_6962979729,Viego,True
EUW1_6963259276,Viego,False
EUW1_6963314058,Viego,False
EUW1_6962423304,Viego,False
EUW1_6962617016,Viego,False
EUW1_6962390486,Viego,True
EUW1_6962887086,Viego,False
EUW1_6960062634,Viego,False
EUW1_6963289609,Viego,False
EUW1_6961162782,Viego,True
EUW1_6957523075,Viego,True
EUW1_6957435656,Viego,True
EUW1_6961826266,Viego,True
EUW1_6962935327,Viego,False
EUW1_6963183926,Viego,True
EUW1_6962475751,Viego,True
EUW1_6957572857,Viego,False
EUW1_6962973860,Viego,False
EUW1_6963219708,Viego,True
EUW1_6963260021,Viego,True
EUW1_6961077391,Viego,False
EUW1_6957017966,Viego,True
EUW1_6962452064,Viego,False
EUW1_6962766977,Viego,False
EUW1_6962376388,Viego,False
EUW1_6962951001,Viego,True
EUW1_6956233116,Viego,False
EUW1_6963313589,Viego,False
EUW1_6962634084,Viego,False
EUW1_6962587784,Viego,False
EUW1_6963158106,Viego,True
EUW1_6963214471,Viego,True
EUW1_6962695414,Viego,False
EUW1_6962429521,Viego,True
EUW1_6962723373,Viego,True
EUW1_6962423643,Viego,False
EUW1_6962429996,Viego,False
EUW1_6963281986,Viego,False
EUW1_6963305032,Viego,True
EUW1_6961746577,Viego,False
EUW1_6961720269,Viego,False
EUW1_6961385472,Viego,True
EUW1_6962455516,Viego,False
EUW1_6962428200,Viego,False
EUW1_6963116289,Viego,True
EUW1_6963275202,Viego,True
EUW1_6963247947,Viego,True
EUW1_6963027564,Viego,False
EUW1_6962767547,Viego,True
EUW1_6961746154,Viego,True
EUW1_6961677608,Viego,True
EUW1_6962664686,Viego,False
EUW1_6962300749,Viego,False
EUW1_6963246756,Viego,False
EUW1_6962402102,Viego,False
EUW1_6963076085,Viego,False
EUW1_6962612224,Viego,False
EUW1_6962615676,Viego,False
EUW1_6960565954,Viego,False
EUW1_6963044155,Viego,True
EUW1_6962309312,Viego,True
EUW1_6962591215,Viego,True
EUW1_6962756579,Viego,True
EUW1_6963118587,Viego,False
EUW1_6961561139,Viego,True
EUW1_6958647849,Viego,True
EUW1_6961384958,Viego,False
EUW1_6962193712,Viego,False
EUW1_6962071571,Viego,False
EUW1_6961278296,Viego,False
EUW1_6962527759,Viego,False
EUW1_6962500280,Viego,True
EUW1_6962474682,Viego,True
EUW1_6963120561,Viego,True
EUW1_6963266707,Viego,False
EUW1_6960979135,Viego,False
EUW1_6963313089,Viego,False
EUW1_6963278733,Viego,True
EUW1_6963215750,Viego,False
EUW1_6963288269,Viego,False
EUW1_6962177034,Viego,False
EUW1_6961643108,Viego,True
EUW1_6963065245,Viego,False
EUW1_6959877249,Viego,False
EUW1_6960806936,Viego,True
EUW1_6963019938,Viego,True
EUW1_6946213333,Viego,False
EUW1_6962704424,Viego,True
EUW1_6963036436,Viego,True
EUW1_6963112296,Viego,False
EUW1_6962185868,Viego,True
EUW1_6963112928,Viego,True
EUW1_6962033961,Viego,False
EUW1_6962574593,Viego,True
EUW1_6961608990,Viego,True
EUW1_6961578569,Viego,False
EUW1_6961087566,Viego,False
EUW1_6961985548,Viego,False
EUW1_6958028681,Viego,False
EUW1_6957973221,Viego,False
EUW1_6963127177,Viego,False
EUW1_6961854654,Viego,True
EUW1_6962793052,Viego,True
EUW1_6962501249,Viego,False
EUW1_6962463529,Viego,True
EUW1_6962402795,Viego,True
EUW1_6961927107,Viego,False
EUW1_6963231351,Viego,False
EUW1_6963289399,Viego,True
EUW1_6961383894,Viego,False
EUW1_6957862822,Viego,True
EUW1_6960574995,Viego,True
EUW1_6950415188,Viego,True
EUW1_6962496067,Viego,True
EUW1_6963203049,Viego,True
EUW1_6961450739,Viego,False
EUW1_6958642889,Viego,True
EUW1_6959131363,Viego,True
EUW1_6963328577,Viego,False
EUW1_6960918904,Viego,False
EUW1_6963029941,Viego,False
EUW1_6960345529,Viego,True
EUW1_6962449708,Viego,False
EUW1_6962787506,Viego,True
EUW1_6962499245,Viego,True
EUW1_6962418463,Viego,False
EUW1_6961160772,Viego,False
EUW1_6961137976,Viego,False
EUW1_6958502197,Viego,False
EUW1_6962799911,Viego,False
EUW1_6962771506,Viego,False
EUW1_6954684027,Viego,True
EUW1_6963079836,Viego,False
EUW1_6962677557,Viego,False
EUW1_6963166465,Viego,False
EUW1_6963208698,Viego,True
EUW1_6961981668,Viego,False
EUW1_6961909155,Viego,False
EUW1_6963255833,Viego,False
EUW1_6962831101,Viego,True
EUW1_6962460059,Viego,False
EUW1_6962451876,Viego,True
EUW1_6962429223,Viego,True
EUW1_6962649251,Viego,False
EUW1_6963240123,Viego,True
EUW1_6962662646,Viego,False
EUW1_6961302469,Viego,False
EUW1_6961282380,Viego,True
EUW1_6962442218,Viego,True
EUW1_6962522268,Viego,False
EUW1_6961780506,Viego,False
EUW1_6962496539,Viego,True
EUW1_6960892721,Viego,True
EUW1_6963047258,Viego,False
EUW1_6961575430,Viego,False
EUW1_6960175561,Viego,False
EUW1_6958019224,Viego,False
EUW1_6957977162,Viego,False
EUW1_6959510474,Viego,False
EUW1_6959457618,Viego,True
EUW1_6962429147,Viego,False
EUW1_6962649309,Viego,False
EUW1_6963055661,Viego,True
EUW1_6959123827,Viego,False
EUW1_6958479214,Viego,False
EUW1_6962899201,Viego,False
EUW1_6962281822,Viego,False
EUW1_6960159436,Viego,False
EUW1_6961101699,Viego,True
EUW1_6961124116,Viego,True
EUW1_6957871223,Viego,False
EUW1_6962592530,Viego,True
EUW1_6961067476,Viego,True
EUW1_6960667106,Viego,False
EUW1_6960613523,Viego,True
EUW1_6961501401,Viego,False
EUW1_6962986567,Viego,True
EUW1_6961132685,Viego,False
EUW1_6960009995,Viego,True
EUW1_6963326597,Viego,False
EUW1_6960365340,Viego,False
EUW1_6963114268,Viego,False
EUW1_6962385852,Viego,True
EUW1_6961016714,Viego,True
EUW1_6957976916,Viego,False
EUW1_6957937397,Viego,True
EUW1_6962526724,Viego,True
EUW1_6962624905,Viego,True
EUW1_6962735589,Viego,False
EUW1_6960553126,Viego,False
EUW1_6960839985,Viego,True
EUW1_6960348375,Viego,True
EUW1_6960309740,Viego,True
EUW1_6955996539,Viego,True
EUW1_6957772477,Viego,True
EUW1_6958429453,Viego,False
EUW1_6958389680,Viego,False
EUW1_6961823102,Viego,False
EUW1_6963054532,Viego,True
EUW1_6960781465,Viego,False
EUW1_6963084825,Viego,True
EUW1_6961651784,Viego,False
EUW1_6959991955,Viego,False
EUW1_6955890003,Viego,True
EUW1_6960006929,Viego,False
EUW1_6959675042,Viego,True
EUW1_6959632572,Viego,False
EUW1_6962470788,Viego,True
EUW1_6963021058,Viego,False
EUW1_6962070671,Viego,False
EUW1_6960302656,Viego,True
EUW1_6962473071,Viego,False
EUW1_6959366538,Viego,True
EUW1_6963271883,Viego,False
EUW1_6963232627,Viego,False
EUW1_6962942347,Viego,False
EUW1_6962939141,Viego,True
EUW1_6962698103,Viego,True
EUW1_6962829158,Viego,False
EUW1_6962795383,Viego,True
EUW1_6962544679,Viego,False
EUW1_6958374381,Viego,False
EUW1_6961943189,Viego,True
EUW1_6959907716,Viego,True
EUW1_6961198384,Viego,False
EUW1_6961183744,Viego,True
EUW1_6962543150,Viego,False
EUW1_6962110060,Viego,True
EUW1_6943801213,Viego,False
EUW1_6963023157,Viego,False
EUW1_6963115201,Viego,True
EUW1_6963288854,Viego,True
EUW1_6961963451,Viego,True
EUW1_6960398502,Viego,False
EUW1_6961554523,Viego,False
EUW1_6963038283,Viego,False
EUW1_6962891116,Viego,True
EUW1_6961920992,Viego,False
EUW1_6961457375,Viego,True
EUW1_6963276907,Viego,False
EUW1_6959030941,Viego,False
EUW1_6962016553,Viego,True
EUW1_6961303073,Viego,True
EUW1_6962988281,Viego,False
EUW1_6963269511,Viego,False
EUW1_6963238683,Viego,False
EUW1_6960239714,Viego,True
EUW1_6962760945,Viego,False
EUW1_6962613720,Viego,False
EUW1_6962501441,Viego,False
EUW1_6961526647,Viego,False
EUW1_6959535285,Viego,False
EUW1_6960279270,Viego,True
EUW1_6960663697,Viego,True
EUW1_6960589154,Viego,False
EUW1_6963305976,Viego,True
EUW1_6963236882,Viego,True
EUW1_6961375750,Viego,True
EUW1_6962559999,Viego,False
EUW1_6957987942,Viego,False
EUW1_6957953069,Viego,True
EUW1_6962548001,Viego,True
EUW1_6955943476,Viego,False
EUW1_6962563135,Viego,True
EUW1_6962384384,Viego,False
EUW1_6962369999,Viego,True
EUW1_6953284384,Viego,False
EUW1_6963073244,Viego,True
EUW1_6962915640,Viego,False
EUW1_6944879475,Viego,True
EUW1_6962591974,Viego,False
EUW1_6952507136,Viego,True
EUW1_6962566869,Viego,False
EUW1_6955909402,Viego,True
EUW1_6962870769,Viego,False
EUW1_6961824604,Viego,False
EUW1_6962816663,Viego,False
EUW1_6962568649,Viego,True
EUW1_6956922965,Viego,False
EUW1_6954586463,Viego,True
EUW1_6957686586,Viego,False
EUW1_6962574676,Viego,False
EUW1_6961472145,Viego,True
EUW1_6960606341,Viego,False
EUW1_6962821606,Viego,True
EUW1_6957532837,Viego,False
EUW1_6955864372,Viego,False
EUW1_6962601255,Viego,True
EUW1_6961900666,Viego,False
EUW1_6962404819,Viego,True
EUW1_6952241412,Viego,True
EUW1_6961243095,Viego,True
EUW1_6952213962,Viego,False
EUW1_6952199077,Viego,False
EUW1_6962583290,Viego,False
EUW1_6962520767,Viego,True
EUW1_6962138185,Viego,True
EUW1_6962099501,Viego,True
EUW1_6962252896,Viego,True
EUW1_6961263788,Viego,True
EUW1_6963062127,Viego,False
EUW1_6954141460,Viego,True
EUW1_6962653587,Viego,True
EUW1_6962625708,Viego,False
EUW1_6962596664,Viego,True
EUW1_6962935756,Viego,True
EUW1_6963320777,Viego,True
EUW1_6955796462,Viego,True
EUW1_6962200695,Viego,False
EUW1_6962481024,Viego,False
EUW1_6963124640,Viego,False
EUW1_6962854313,Viego,False
EUW1_6950379310,Viego,False
EUW1_6961747566,Viego,False
EUW1_6961298078,Viego,False
EUW1_6960516304,Viego,False
EUW1_6950972640,Viego,False
EUW1_6963316001,Viego,True
EUW1_6955257141,Viego,False
EUW1_6960352371,Viego,False
EUW1_6958450655,Viego,False
EUW1_6962628475,Viego,True
EUW1_6962131922,Viego,False
EUW1_6962078392,Viego,False
EUW1_6961986875,Viego,True
EUW1_6961012992,Viego,True
EUW1_6960973776,Viego,True
EUW1_6952869006,Viego,True
EUW1_6962727325,Viego,False
EUW1_6958271347,Viego,False
EUW1_6962081861,Viego,False
EUW1_6962022444,Viego,False
EUW1_6961107491,Viego,True
EUW1_6956035129,Viego,True
EUW1_6963129647,Viego,True
EUW1_6961951493,Viego,True
EUW1_6960178991,Viego,False
EUW1_6962768528,Viego,False
EUW1_6962535255,Viego,True
EUW1_6961654031,Viego,True
EUW1_6962710324,Viego,False
EUW1_6961774983,Viego,False
EUW1_6956101212,Viego,False
EUW1_6954391088,Viego,False
EUW1_6962609208,Viego,False
EUW1_6963182475,Viego,True
EUW1_6962589750,Viego,True
EUW1_6963216270,Viego,True
EUW1_6963161797,Viego,True
EUW1_6958192761,Viego,False
EUW1_6962241308,Viego,True
EUW1_6960915979,Viego,False
EUW1_6960875669,Viego,False
EUW1_6956571901,Viego,False
EUW1_6955823994,Viego,True
EUW1_6962544411,Viego,True
EUW1_6955400079,Viego,False
EUW1_6955366967,Viego,False
EUW1_6959953458,Viego,True
EUW1_6962460594,Viego,False
EUW1_6962429108,Viego,True
EUW1_6957303348,Viego,False
EUW1_6960443900,Viego,True
EUW1_6958796323,Viego,True
EUW1_6955124882,Viego,False
EUW1_6958199218,Viego,False
EUW1_6963168453,Viego,True
EUW1_6962324059,Viego,True
EUW1_6962678110,Viego,False
EUW1_6956498264,Viego,True
EUW1_6962422630,Viego,False
EUW1_6962746352,Viego,False
EUW1_6961121463,Viego,True
EUW1_6961081944,Viego,True
EUW1_6962448162,Viego,True
EUW1_6962750114,Viego,False
EUW1_6962254118,Viego,False
EUW1_6954500340,Viego,False
EUW1_6963186291,Viego,False
EUW1_6963048363,Viego,False
EUW1_6962821402,Viego,False
EUW1_6957738829,Viego,True
EUW1_6963004602,Viego,True
EUW1_6960849684,Viego,True
EUW1_6958009725,Viego,False
EUW1_6962592233,Viego,False
EUW1_6961600472,Viego,False
EUW1_6961010197,Viego,False
EUW1_6963105605,Viego,True
EUW1_6963053144,Viego,True
EUW1_6959327652,Viego,False
EUW1_6950294297,Viego,True
EUW1_6950223406,Viego,True
EUW1_6963295691,Viego,False
EUW1_6961427551,Viego,False
EUW1_6962594711,Viego,True
EUW1_6950193049,Viego,False
EUW1_6960271562,Viego,True
EUW1_6952282832,Viego,False
EUW1_6952792150,Viego,False
EUW1_6950610128,Viego,False
EUW1_6962788783,Viego,False
EUW1_6962617982,Viego,True
EUW1_6956695253,Viego,False
EUW1_6962261305,Viego,True
EUW1_6962251923,Viego,False
EUW1_6962778053,Viego,True
EUW1_6962667327,Viego,False
EUW1_6960874477,Viego,False
EUW1_6960754991,Viego,True
EUW1_6957716159,Viego,False
EUW1_6959107125,Viego,False
EUW1_6962942618,Viego,False
EUW1_6955570710,Viego,False
EUW1_6955551168,Viego,False
EUW1_6963039146,Viego,True
EUW1_6962653375,Viego,False
EUW1_6962612349,Viego,False
EUW1_6962538284,Viego,True
EUW1_6962515688,Viego,False
EUW1_6963243180,Viego,True
EUW1_6962277710,Viego,True
EUW1_6962605967,Viego,False
EUW1_6955150136,Viego,True
EUW1_6961789088,Viego,False
EUW1_6962376662,Viego,False
EUW1_6961410015,Viego,False
EUW1_6960402606,Viego,True
EUW1_6963109319,Viego,False
EUW1_6956382733,Viego,False
EUW1_6962584667,Viego,True
EUW1_6963167740,Viego,True
EUW1_6957514740,Viego,True
EUW1_6951044321,Viego,False
EUW1_6950854713,Viego,True
EUW1_6954647159,Viego,True
EUW1_6963146837,Viego,True
EUW1_6963206402,Viego,True
EUW1_6948369917,Viego,True
EUW1_6962859237,Viego,True
EUW1_6962554320,Viego,False
EUW1_6952484068,Viego,False
EUW1_6957082950,Viego,True
EUW1_6963280845,Viego,True
EUW1_6961571987,Viego,False
EUW1_6957828172,Viego,True
EUW1_6961923829,Viego,False
EUW1_6961880187,Viego,True
EUW1_6963323911,Viego,False
EUW1_6948231922,Viego,True
EUW1_6961698814,Viego,False
EUW1_6961650442,Viego,False
EUW1_6955695478,Viego,True
EUW1_6954684856,Viego,False
EUW1_6962654999,Viego,True
EUW1_6962615494,Viego,False
EUW1_6948992796,Viego,True
EUW1_6961639297,Viego,True
EUW1_6961082693,Viego,True
EUW1_6960727151,Viego,False
EUW1_6962988109,Viego,False
EUW1_6962194672,Viego,True
EUW1_6949745889,Viego,True
EUW1_6946309788,Viego,True
EUW1_6955772602,Viego,True
EUW1_6955262833,Viego,False
EUW1_6953919283,Viego,True
EUW1_6960118429,Viego,False
EUW1_6962702204,Viego,True
EUW1_6962151588,Viego,True
EUW1_6962023141,Viego,True
EUW1_6962801218,Viego,False
EUW1_6959970869,Viego,True
EUW1_6961818751,Viego,True
EUW1_6961754757,Viego,True
EUW1_6963272878,Viego,True
EUW1_6963200210,Viego,False
EUW1_6946006358,Viego,True
EUW1_6945209736,Viego,False
EUW1_6963146370,Viego,False
EUW1_6962235884,Viego,False
EUW1_6959361649,Viego,True
EUW1_6959310118,Viego,False
EUW1_6960642082,Viego,False
EUW1_6962731628,Viego,True
EUW1_6957921362,Viego,False
EUW1_6959961366,Viego,True
EUW1_6962748944,Viego,True
EUW1_6963293834,Viego,True
EUW1_6960201051,Viego,True
EUW1_6961977427,Viego,True
EUW1_6961903211,Viego,True
EUW1_6961089625,Viego,True
EUW1_6960843864,Viego,True
EUW1_6961515154,Viego,True
EUW1_6963335697,Viego,True
EUW1_6960300455,Viego,False
EUW1_6962729041,Viego,False
EUW1_6961855534,Viego,True
EUW1_6959546896,Viego,False
EUW1_6959536910,Viego,False
EUW1_6959355428,Viego,False
EUW1_6961674105,Viego,False
EUW1_6961250628,Viego,True
EUW1_6963330460,Viego,True
EUW1_6954546886,Viego,True
EUW1_6957437347,Viego,True
EUW1_6954597741,Viego,True
EUW1_6961707677,Viego,True
EUW1_6958669261,Viego,True
EUW1_6961359118,Viego,False
EUW1_6956714046,Viego,False
EUW1_6962372416,Viego,True
EUW1_6961366106,Viego,False
EUW1_6961358647,Viego,False
EUW1_6956373574,Viego,True
EUW1_6948377841,Viego,False
EUW1_6958116777,Viego,False
EUW1_6962670217,Viego,False
EUW1_6962401365,Viego,False
EUW1_6957196531,Viego,False
EUW1_6959945350,Viego,False
EUW1_6962664770,Viego,True
EUW1_6960359170,Viego,False
EUW1_6960437162,Viego,False
EUW1_6962493944,Viego,True
EUW1_6961649675,Viego,True
EUW1_6962963308,Viego,False
EUW1_6962429174,Viego,True
EUW1_6956206132,Viego,True
EUW1_6956150694,Viego,False
EUW1_6956104096,Viego,True
EUW1_6957849569,Viego,False
EUW1_6962969663,Viego,False
EUW1_6962169328,Viego,True
EUW1_6961778030,Viego,True
EUW1_6961713139,Viego,False
EUW1_6962699650,Viego,False
EUW1_6962690872,Viego,True
EUW1_6961553388,Viego,False
EUW1_6962600922,Viego,True
EUW1_6963321692,Viego,True
EUW1_6962501377,Viego,True
EUW1_6949074316,Viego,True
EUW1_6960499010,Viego,False
EUW1_6963323692,Viego,False
EUW1_6956346881,Viego,False
EUW1_6963335499,Viego,False
EUW1_6955892052,Viego,False
EUW1_6959928289,Viego,True
EUW1_6959866740,Viego,True
EUW1_6961525947,Viego,False
EUW1_6961148822,Viego,True
EUW1_6962756602,Viego,True
EUW1_6960959533,Viego,True
EUW1_6962804184,Viego,False
EUW1_6962417868,Viego,False
EUW1_6950706532,Viego,False
EUW1_6950155149,Viego,False
EUW1_6951571482,Viego,True
EUW1_6951528702,Viego,False
EUW1_6963005805,Viego,False
EUW1_6962816792,Viego,False
EUW1_6963200258,Viego,False
EUW1_6962534640,Viego,False
EUW1_6962939343,Viego,True
EUW1_6962897438,Viego,True
EUW1_6959592874,Viego,False
EUW1_6959498772,Viego,False
EUW1_6960105114,Viego,False
EUW1_6961512107,Viego,True
EUW1_6962547937,Viego,False
EUW1_6958000291,Viego,False
EUW1_6960883899,Viego,False
EUW1_6954889692,Viego,True
EUW1_6960274669,Viego,False
EUW1_6956816486,Viego,False
EUW1_6960608072,Viego,False
EUW1_6961981572,Viego,False
EUW1_6962821208,Viego,False
EUW1_6962172647,Viego,False
EUW1_6958826017,Viego,True
EUW1_6962963442,Viego,False
EUW1_6962729048,Viego,True
EUW1_6961746455,Viego,False
EUW1_6959187968,Viego,False
EUW1_6962464035,Viego,False
EUW1_6952320323,Viego,True
EUW1_6960792714,Viego,True
EUW1_6962377981,Viego,True
EUW1_6963113826,Viego,True
EUW1_6947141074,Viego,False
EUW1_6947100807,Viego,False
EUW1_6962266072,Viego,False
EUW1_6962236472,Viego,False
EUW1_6961331663,Viego,False
EUW1_6961315831,Viego,False
EUW1_6961107661,Viego,False
EUW1_6957623830,Viego,True
EUW1_6961259577,Viego,False
EUW1_6960957361,Viego,False
EUW1_6960766259,Viego,True
EUW1_6962960946,Viego,True
EUW1_6955895971,Viego,False
EUW1_6955205859,Viego,True
EUW1_6963178863,Viego,False
EUW1_6963332055,Viego,False
EUW1_6961366779,Viego,False
EUW1_6963048488,Viego,True
EUW1_6963006026,Viego,False
EUW1_6962963940,Viego,True
EUW1_6962894698,Viego,True
EUW1_6960595784,Viego,False
EUW1_6962192860,Viego,False
EUW1_6962791168,Viego,True
EUW1_6961821002,Viego,False
EUW1_6961727405,Viego,False
EUW1_6954074564,Viego,True
EUW1_6962895376,Viego,False
EUW1_6961447517,Viego,True
EUW1_6958919008,Viego,False
EUW1_6955372041,Viego,True
EUW1_6954897053,Viego,False
EUW1_6957500287,Viego,True
EUW1_6961824983,Viego,True
EUW1_6962523193,Viego,True
EUW1_6962213142,Viego,True
EUW1_6953909247,Viego,True
EUW1_6960395936,Viego,False
EUW1_6962006406,Viego,True
EUW1_6962970207,Viego,False
EUW1_6961382044,Viego,False
EUW1_6959690478,Viego,False
EUW1_6956630803,Viego,False
EUW1_6962840439,Viego,False
EUW1_6962745895,Viego,False
EUW1_6962738597,Viego,True
EUW1_6962432675,Viego,True
EUW1_6956845475,Viego,True
EUW1_6956807998,Viego,False
EUW1_6963250500,Viego,False
EUW1_6963238557,Viego,False
EUW1_6952600306,Viego,False
EUW1_6958768030,Viego,False
EUW1_6957938133,Viego,True
EUW1_6962795069,Viego,True
EUW1_6961060742,Viego,False
EUW1_6962563213,Viego,False
EUW1_6961149985,Viego,False
EUW1_6962410812,Viego,True
EUW1_6958046159,Viego,False
EUW1_6961668867,Viego,True
EUW1_6962758461,Viego,False
EUW1_6962473326,Viego,False
EUW1_6960484983,Viego,False
EUW1_6961822793,Viego,False
EUW1_6961768571,Viego,True
EUW1_6957627574,Viego,False
EUW1_6963262474,Viego,False
EUW1_6961423550,Viego,True
EUW1_6958531769,Viego,True
EUW1_6959378244,Viego,True
EUW1_6959316622,Viego,False
EUW1_6961524317,Viego,False
EUW1_6962062838,Viego,True
EUW1_6957176857,Viego,False
EUW1_6962018502,Viego,False
EUW1_6961949977,Viego,False
EUW1_6962484646,Viego,True
EUW1_6961438853,Viego,False
EUW1_6960135796,Viego,False
EUW1_6963044655,Viego,True
EUW1_6962673287,Viego,False
EUW1_6959219573,Viego,True
EUW1_6963068472,Viego,True
EUW1_6961330438,Viego,False
EUW1_6961798024,Viego,False
EUW1_6958319759,Viego,False
EUW1_6961475301,Viego,True
EUW1_6961408967,Viego,False
EUW1_6962969996,Viego,True
EUW1_6962913734,Viego,False
EUW1_6960225897,Viego,False
EUW1_6963332855,Viego,False
EUW1_6962655942,Viego,False
EUW1_6963065981,Viego,True
EUW1_6962912295,Viego,False
EUW1_6963330651,Viego,True
EUW1_6961248268,Viego,False
EUW1_6960964379,Viego,True
EUW1_6961002750,Viego,True
EUW1_6960578728,Viego,False
EUW1_6960984873,Viego,True
EUW1_6960935247,Viego,False
EUW1_6960898577,Viego,True
EUW1_6962714178,Viego,True
EUW1_6962869121,Viego,False
EUW1_6963318834,Viego,False
EUW1_6962913408,Viego,False
EUW1_6955390834,Viego,False
EUW1_6962469093,Viego,True
EUW1_6961267296,Viego,True
EUW1_6955630361,Viego,False
EUW1_6949980569,Viego,True
EUW1_6961359776,Viego,True
EUW1_6962441182,Viego,False
EUW1_6962430825,Viego,True
EUW1_6962969927,Viego,True
EUW1_6951585608,Viego,False
EUW1_6952744966,Viego,True
EUW1_6963007324,Viego,False
EUW1_6960394442,Viego,False
EUW1_6962804561,Viego,False
EUW1_6956548316,Viego,False
EUW1_6962326832,Viego,True
EUW1_6962446616,Viego,True
EUW1_6962529605,Viego,True
EUW1_6962434018,Viego,True
EUW1_6960531204,Viego,False
EUW1_6962581289,Viego,False
EUW1_6961367965,Viego,False
EUW1_6961353132,Viego,False
EUW1_6962541375,Viego,True
EUW1_6962615768,Viego,True
EUW1_6962827198,Viego,True
EUW1_6962305050,Viego,False
EUW1_6961556271,Viego,True
EUW1_6961841128,Viego,False
EUW1_6960523564,Viego,False
EUW1_6961297642,Viego,True
EUW1_6948615173,Viego,False
EUW1_6958608261,Viego,True
EUW1_6961209542,Viego,True
EUW1_6952623600,Viego,False
EUW1_6952576819,Viego,True
EUW1_6961156670,Viego,False
EUW1_6961132615,Viego,False
EUW1_6961942206,Viego,False
EUW1_6961859026,Viego,True
EUW1_6961017979,Viego,False
EUW1_6957053980,Viego,False
EUW1_6957013965,Viego,True
EUW1_6953371246,Viego,True
EUW1_6960326890,Viego,False
EUW1_6961793088,Viego,False
EUW1_6960337937,Viego,False
EUW1_6954249236,Viego,False
EUW1_6956252137,Viego,True
EUW1_6961759989,Viego,True
EUW1_6959177852,Viego,False
EUW1_6963313963,Viego,False
EUW1_6961499216,Viego,True
EUW1_6963326867,Viego,True
EUW1_6961461757,Viego,True
EUW1_6961901353,Viego,True
EUW1_6962435430,Viego,False
EUW1_6963342519,Viego,True
EUW1_6958451049,Viego,True
EUW1_6962475018,Viego,True
EUW1_6962143537,Viego,True
EUW1_6961884709,Viego,False
EUW1_6962071061,Viego,False
EUW1_6955901916,Viego,True
EUW1_6952443912,Viego,False
EUW1_6952410789,Viego,False
EUW1_6962281991,Viego,True
EUW1_6963321453,Viego,False
EUW1_6962145289,Viego,True
EUW1_6956866283,Viego,True
EUW1_6955907601,Viego,False
EUW1_6962151414,Viego,True
EUW1_6959235625,Viego,True
EUW1_6960960639,Viego,True
EUW1_6955495534,Viego,False
EUW1_6963237203,Viego,False
EUW1_6961966574,Viego,False
EUW1_6955300772,Viego,True
EUW1_6961773174,Viego,False
EUW1_6962399698,Viego,True
EUW1_6962444294,Viego,False
EUW1_6962731749,Viego,True
EUW1_6962204751,Viego,False
EUW1_6962165480,Viego,True
EUW1_6962122731,Viego,False
EUW1_6960955678,Viego,False
EUW1_6954160262,Viego,False
EUW1_6953939774,Viego,False
EUW1_6953878799,Viego,True
EUW1_6962358960,Viego,False
EUW1_6962424121,Viego,True
EUW1_6953308920,Viego,True
EUW1_6961318764,Viego,True
EUW1_6960463526,Viego,False
EUW1_6961624108,Viego,False
EUW1_6956254504,Viego,False
EUW1_6956070573,Viego,False
EUW1_6961235833,Viego,True
EUW1_6960539646,Viego,True
EUW1_6962854263,Viego,True
EUW1_6962014776,Viego,False
EUW1_6962318864,Viego,False
EUW1_6962416280,Viego,False
EUW1_6952104637,Viego,True
EUW1_6951106695,Viego,True
EUW1_6962415231,Viego,True
EUW1_6955794090,Viego,False
EUW1_6955780657,Viego,True
EUW1_6961085252,Viego,True
EUW1_6949717949,Viego,True
EUW1_6963008533,Viego,False
EUW1_6961697527,Viego,False
EUW1_6958384715,Viego,True
EUW1_6959294175,Viego,True
EUW1_6961314690,Viego,True
EUW1_6961619363,Viego,True
EUW1_6961583262,Viego,True
EUW1_6956906323,Viego,True
EUW1_6962835549,Viego,True
EUW1_6957646197,Viego,True
EUW1_6962114877,Viego,True
EUW1_6961102765,Viego,True
EUW1_6957206216,Viego,False
EUW1_6962968444,Viego,True
EUW1_6963211157,Viego,False
EUW1_6962049645,Viego,True
EUW1_6956692276,Viego,True
EUW1_6961338693,Viego,True
EUW1_6961960146,Viego,True
EUW1_6963028882,Viego,False
EUW1_6959353926,Viego,True
EUW1_6961916765,Viego,True
EUW1_6961387082,Viego,False
EUW1_6957245655,Viego,False
EUW1_6961122477,Viego,False
EUW1_6962301671,Viego,False
EUW1_6962835971,Viego,True
EUW1_6962822894,Viego,False
EUW1_6962779170,Viego,True
EUW1_6959096202,Viego,True
EUW1_6959065562,Viego,True
EUW1_6959028830,Viego,True
EUW1_6955896523,Viego,False
EUW1_6961782686,Viego,False
EUW1_6962058934,Viego,True
EUW1_6962781822,Viego,False
EUW1_6959299058,Viego,False
EUW1_6962305551,Viego,False
EUW1_6960136650,Viego,False
EUW1_6960103577,Viego,False
EUW1_6952714527,Viego,False
EUW1_6955756067,Viego,False
EUW1_6962109987,Viego,True
EUW1_6956543463,Viego,False
EUW1_6953381321,Viego,True
EUW1_6958873993,Viego,False
EUW1_6960816428,Viego,True
EUW1_6962404532,Viego,True
EUW1_6960702023,Viego,False
EUW1_6963119174,Viego,False
EUW1_6959600065,Viego,False
EUW1_6959579922,Viego,False
EUW1_6959478751,Viego,True
EUW1_6962739571,Viego,False
EUW1_6960714998,Viego,True
EUW1_6957754549,Viego,True
EUW1_6957741368,Viego,True
EUW1_6961357443,Viego,True
EUW1_6961346552,Viego,True
EUW1_6960446812,Viego,True
EUW1_6963204516,Viego,False
EUW1_6962945076,Viego,False
EUW1_6961865308,Viego,False
EUW1_6963086342,Viego,True
EUW1_6958604869,Viego,True
EUW1_6958466484,Viego,False
EUW1_6958640796,Viego,True
EUW1_6954440133,Viego,False
EUW1_6953682824,Viego,True
EUW1_6962732959,Viego,False
EUW1_6961404583,Viego,False
EUW1_6961317395,Viego,True
EUW1_6958502562,Viego,False
EUW1_6960073488,Viego,True
EUW1_6963329867,Viego,True
EUW1_6955555861,Viego,True
EUW1_6953379950,Viego,False
EUW1_6962513359,Viego,False
EUW1_6962589747,Viego,False
EUW1_6963053894,Viego,True
EUW1_6962850479,Viego,True
EUW1_6962946304,Viego,False
EUW1_6963231784,Viego,False
EUW1_6950625356,Viego,False
EUW1_6962675092,Viego,False
EUW1_6962614176,Viego,False
EUW1_6958837626,Viego,True
EUW1_6959499008,Viego,True
EUW1_6961418349,Viego,False
EUW1_6963185231,Viego,True
EUW1_6962849421,Viego,True
EUW1_6957648555,Viego,True
EUW1_6961857149,Viego,False
EUW1_6957998499,Viego,False
EUW1_6962492174,Viego,True
EUW1_6962675400,Viego,True
EUW1_6963211563,Viego,True
EUW1_6955527557,Viego,True
EUW1_6955734165,Viego,True
EUW1_6960613010,Viego,True
EUW1_6963304132,Viego,False
EUW1_6958218914,Viego,False
EUW1_6959332348,Viego,True
EUW1_6962014216,Viego,True
EUW1_6962185024,Viego,True
EUW1_6962923013,Viego,False
EUW1_6961568708,Viego,False
EUW1_6961425825,Viego,False
EUW1_6949271940,Viego,True
EUW1_6957429643,Viego,True
EUW1_6962810767,Viego,False
EUW1_6962659694,Viego,False
EUW1_6960513425,Viego,True
EUW1_6955358125,Viego,False
EUW1_6955305167,Viego,True
EUW1_6954583772,Viego,True
EUW1_6960696203,Viego,False
EUW1_6959313953,Viego,False
EUW1_6963187322,Viego,False
EUW1_6962719535,Viego,True
EUW1_6962669154,Viego,False
EUW1_6958706796,Viego,False
EUW1_6958917931,Viego,False
EUW1_6962401388,Viego,False
EUW1_6954516212,Viego,False
EUW1_6960179535,Viego,True
EUW1_6962042193,Viego,False
EUW1_6950185698,Viego,False
EUW1_6950156064,Viego,True
EUW1_6958242255,Viego,True
EUW1_6957837489,Viego,False
EUW1_6962435503,Viego,True
EUW1_6960658496,Viego,False
EUW1_6957811917,Viego,True
EUW1_6959498071,Viego,False
EUW1_6963031203,Viego,False
EUW1_6963085495,Viego,False
EUW1_6962296082,Viego,False
EUW1_6958210915,Viego,True
EUW1_6953103714,Viego,False
EUW1_6962789487,Viego,True
EUW1_6952833666,Viego,True
EUW1_6960380015,Viego,True
EUW1_6959497892,Viego,False
EUW1_6963206923,Viego,True
EUW1_6954692594,Viego,True
EUW1_6962418673,Viego,True
EUW1_6954309086,Viego,False
EUW1_6962375866,Viego,True
EUW1_6962504606,Viego,False
EUW1_6962445362,Viego,True
EUW1_6962412170,Viego,True
EUW1_6960254455,Viego,False
EUW1_6962447050,Viego,True
EUW1_6963330738,Viego,True
EUW1_6957730050,Viego,False
EUW1_6958844940,Viego,True
EUW1_6962719269,Viego,True
EUW1_6959143631,Viego,False
EUW1_6960636201,Viego,False
EUW1_6961587939,Viego,False
EUW1_6962792664,Viego,False
EUW1_6961183455,Viego,True
EUW1_6958570425,Viego,False
EUW1_6959555486,Viego,False
EUW1_6957736587,Viego,False
EUW1_6949490832,Viego,False
EUW1_6949381552,Viego,False
EUW1_6962580317,Viego,True
EUW1_6960839013,Viego,False
EUW1_6951847097,Viego,False
EUW1_6951782236,Viego,False
EUW1_6961505280,Viego,False
EUW1_6961503873,Viego,False
EUW1_6959673322,Viego,False
EUW1_6958351864,Viego,True
EUW1_6962879543,Viego,False
EUW1_6962761702,Viego,True
EUW1_6960696043,Viego,True
EUW1_6958299685,Viego,True
EUW1_6959597180,Viego,True
EUW1_6959571705,Viego,True
EUW1_6951656458,Viego,True
EUW1_6950109650,Viego,False
EUW1_6962107918,Viego,False
EUW1_6962786620,Viego,False
EUW1_6962597738,Viego,True
EUW1_6959574260,Viego,False
EUW1_6955596977,Viego,False
EUW1_6955013855,Viego,True
EUW1_6963334933,Viego,False
EUW1_6961589714,Viego,True
EUW1_6961486481,Viego,True
EUW1_6961458727,Viego,True
EUW1_6963292321,Viego,True
EUW1_6956806257,Viego,False
EUW1_6961098046,Viego,False
EUW1_6962042154,Viego,False
EUW1_6962647939,Viego,True
EUW1_6963318246,Viego,False
EUW1_6960512443,Viego,False
EUW1_6963260376,Viego,True
EUW1_6960874884,Viego,True
EUW1_6960805587,Viego,False
EUW1_6954518101,Viego,True
EUW1_6962255175,Viego,False
EUW1_6959518155,Viego,False
EUW1_6958928249,Viego,False
EUW1_6958700182,Viego,True
EUW1_6960786177,Viego,True
EUW1_6960679371,Viego,False
EUW1_6952208882,Viego,True
EUW1_6963102592,Viego,True
EUW1_6956933897,Viego,False
EUW1_6962937697,Viego,False
EUW1_6956808785,Viego,False
EUW1_6955755771,Viego,False
EUW1_6954185716,Viego,False
EUW1_6962780154,Viego,False
EUW1_6963162549,Viego,True
EUW1_6963112173,Viego,False
EUW1_6962717691,Viego,False
EUW1_6960534420,Viego,True
EUW1_6958092330,Viego,True
EUW1_6962823331,Viego,True
EUW1_6961941495,Viego,True
EUW1_6961336454,Viego,True
EUW1_6961332659,Viego,True
EUW1_6957010299,Viego,False
EUW1_6962586607,Viego,False
EUW1_6960747231,Viego,False
EUW1_6962288739,Viego,False
EUW1_6953297665,Viego,True
EUW1_6961193294,Viego,True
EUW1_6953991466,Viego,True
EUW1_6962787402,Viego,False
EUW1_6962047244,Viego,False
EUW1_6952062638,Viego,False
EUW1_6953898581,Viego,False
EUW1_6962407413,Viego,True
EUW1_6952468028,Viego,True
EUW1_6958454944,Viego,False
EUW1_6962736575,Viego,True
EUW1_6962245751,Viego,False
EUW1_6963083323,Viego,True
EUW1_6963320464,Viego,False
EUW1_6963158904,Viego,False
EUW1_6956174872,Viego,True
EUW1_6955977883,Viego,False
EUW1_6952667622,Viego,False
EUW1_6957926333,Viego,True
EUW1_6962687392,Viego,True
EUW1_6956560085,Viego,False
EUW1_6956538117,Viego,False
EUW1_6945803468,Viego,True
EUW1_6962497769,Viego,True
EUW1_6962731874,Viego,True
EUW1_6955688005,Viego,False
EUW1_6948026791,Viego,True
EUW1_6963111776,Viego,True
EUW1_6962663397,Viego,False
EUW1_6960446269,Viego,True
EUW1_6960535168,Viego,False
EUW1_6960423310,Viego,True
EUW1_6961133502,Viego,True
EUW1_6953727094,Viego,True
EUW1_6963107382,Viego,False
EUW1_6956307497,Viego,False
EUW1_6955805604,Viego,False
EUW1_6962489511,Viego,False
EUW1_6961779132,Viego,False
EUW1_6958416068,Viego,True
EUW1_6951245456,Viego,True
EUW1_6961873087,Viego,True
EUW1_6960326792,Viego,False
EUW1_6962543824,Viego,True
EUW1_6959996592,Viego,True
EUW1_6950825309,Viego,False
EUW1_6953720139,Viego,False
EUW1_6959700910,Viego,False
EUW1_6959467759,Viego,False
EUW1_6960830506,Viego,False
EUW1_6962642907,Viego,False
EUW1_6960335144,Viego,True
EUW1_6958030852,Viego,False
EUW1_6957992847,Viego,True
EUW1_6961481846,Viego,True
EUW1_6961492985,Viego,False
EUW1_6961952583,Viego,False
EUW1_6961988952,Viego,False
EUW1_6962532685,Viego,True
EUW1_6961839489,Viego,False
EUW1_6962415145,Viego,False
EUW1_6951376821,Viego,True
EUW1_6962564882,Viego,False
EUW1_6961553675,Viego,False
EUW1_6958398734,Viego,True
EUW1_6957589060,Viego,True
EUW1_6958112538,Viego,False
EUW1_6958201324,Viego,True
EUW1_6962064663,Viego,True
EUW1_6958912064,Viego,False
EUW1_6958889056,Viego,False
EUW1_6960696338,Viego,True
EUW1_6957695852,Viego,True
EUW1_6962194607,Viego,True
EUW1_6962690109,Viego,False
EUW1_6956906427,Viego,False
EUW1_6961359480,Viego,False
EUW1_6947394889,Viego,False
EUW1_6961389913,Viego,False
EUW1_6960996024,Viego,True
EUW1_6961602003,Viego,False
EUW1_6962977789,Viego,True
EUW1_6960576899,Viego,True
EUW1_6960802482,Viego,True
EUW1_6956862345,Viego,True
EUW1_6960837752,Viego,True
EUW1_6960584995,Viego,False
EUW1_6954224423,Viego,True
EUW1_6962994813,Viego,False
EUW1_6961887893,Viego,True
EUW1_6952085672,Viego,False
EUW1_6958741192,Viego,False
EUW1_6962230240,Viego,True
EUW1_6962023091,Viego,False
EUW1_6962189459,Viego,True
EUW1_6962086514,Viego,True
EUW1_6963342641,Viego,True
EUW1_6962309972,Viego,True
EUW1_6954895629,Viego,True
EUW1_6961556516,Viego,True
EUW1_6961005283,Viego,False
EUW1_6962269495,Viego,True
EUW1_6962250902,Viego,False
EUW1_6961807199,Viego,True
EUW1_6960468136,Viego,False
EUW1_6958639475,Viego,False
EUW1_6963296951,Viego,True
EUW1_6963221224,Viego,False
EUW1_6962278200,Viego,False
EUW1_6948802673,Viego,True
EUW1_6958545308,Viego,True
EUW1_6958648417,Viego,True
EUW1_6955517490,Viego,True
EUW1_6960063916,Viego,False
EUW1_6951588696,Viego,True
EUW1_6961591248,Viego,False
EUW1_6952959902,Viego,True
EUW1_6961923503,Viego,False
EUW1_6962594313,Viego,True
EUW1_6962394189,Viego,False
EUW1_6961944375,Viego,True
EUW1_6962561626,Viego,True
EUW1_6955146940,Viego,True
EUW1_6957762601,Viego,False
EUW1_6962348453,Viego,True
EUW1_6960682318,Viego,False
EUW1_6960485759,Viego,False
EUW1_6952103212,Viego,False
EUW1_6959453145,Viego,True
EUW1_6962631032,Viego,False
EUW1_6960540064,Viego,True
EUW1_6955352315,Viego,True
EUW1_6962414540,Viego,False
EUW1_6961159749,Viego,False
EUW1_6959984651,Viego,False
EUW1_6955930601,Viego,False
EUW1_6960106597,Viego,True
EUW1_6951552788,Viego,True
EUW1_6951312265,Viego,True
EUW1_6955738925,Viego,False
EUW1_6955717691,Viego,True
EUW1_6963213497,Viego,True
EUW1_6957330593,Viego,True
EUW1_6960199224,Viego,True
EUW1_6960174540,Viego,True
EUW1_6958240359,Viego,False
EUW1_6956490637,Viego,False
EUW1_6962901110,Viego,True
EUW1_6961747222,Viego,True
EUW1_6954444297,Viego,False
EUW1_6961563762,Viego,False
EUW1_6961606258,Viego,True
EUW1_6957902833,Viego,True
EUW1_6959222380,Viego,True
EUW1_6962832639,Viego,True
EUW1_6960957540,Viego,False
EUW1_6958790431,Viego,True
EUW1_6961702059,Viego,True
EUW1_6958282075,Viego,False
EUW1_6960097293,Viego,False
EUW1_6963198019,Viego,True
EUW1_6962899514,Viego,False
EUW1_6962646256,Viego,False
EUW1_6954286320,Viego,False
EUW1_6946274596,Viego,True
EUW1_6957127632,Viego,False
EUW1_6957078813,Viego,False
EUW1_6960292435,Viego,True
EUW1_6956012609,Viego,False
EUW1_6962829774,Viego,False
EUW1_6957325412,Viego,True
EUW1_6952897759,Viego,True
EUW1_6961273102,Viego,False
EUW1_6961941047,Viego,False
EUW1_6949864713,Viego,False
EUW1_6956867056,Viego,False
EUW1_6960270038,Viego,False
EUW1_6946857363,Viego,True
EUW1_6961505862,Viego,False
EUW1_6950881445,Viego,True
EUW1_6961475378,Viego,False
EUW1_6956492591,Viego,False
EUW1_6958641731,Viego,True
EUW1_6958592574,Viego,False
EUW1_6960310228,Viego,True
EUW1_6960118122,Viego,False
EUW1_6952187702,Viego,False
EUW1_6951162733,Viego,False
EUW1_6958098788,Viego,True
EUW1_6958014564,Viego,True
EUW1_6961712987,Viego,False
EUW1_6959351521,Viego,False
EUW1_6959258682,Viego,False
EUW1_6949191151,Viego,True
EUW1_6963117821,Viego,False
EUW1_6962175365,Viego,True
EUW1_6963324350,Viego,True
EUW1_6961094602,Viego,True
EUW1_6961051159,Viego,False
EUW1_6962886186,Viego,False
EUW1_6962031131,Viego,True
EUW1_6962767121,Viego,False
EUW1_6961366205,Viego,False
EUW1_6957487327,Viego,False
EUW1_6961829250,Viego,False
EUW1_6962564636,Viego,True
EUW1_6954999072,Viego,True
EUW1_6962510466,Viego,True
EUW1_6962539899,Viego,False
EUW1_6954268590,Viego,True
EUW1_6961063369,Viego,False
EUW1_6961017190,Viego,True
EUW1_6962713328,Viego,False
EUW1_6962462854,Viego,False
EUW1_6961621292,Viego,False
EUW1_6955358981,Viego,False
EUW1_6962834821,Viego,False
EUW1_6961749871,Viego,True
EUW1_6955679570,Viego,False
EUW1_6961404374,Viego,False
EUW1_6961070712,Viego,True
EUW1_6962789980,Viego,False
EUW1_6952257061,Viego,True
EUW1_6961628662,Viego,False
EUW1_6954553696,Viego,True
EUW1_6959587391,Viego,True
EUW1_6954524494,Viego,False
EUW1_6957302389,Viego,False
EUW1_6960309635,Viego,False
EUW1_6959781524,Viego,True
EUW1_6957798397,Viego,True
EUW1_6959954426,Viego,True
EUW1_6961949119,Viego,False
EUW1_6961900826,Viego,False
EUW1_6956866701,Viego,True
EUW1_6960102116,Viego,False
EUW1_6960421126,Viego,True
EUW1_6961759298,Viego,True
EUW1_6958206370,Viego,False
EUW1_6960772981,Viego,True
EUW1_6959661185,Viego,True
EUW1_6959574149,Viego,True
EUW1_6959147584,Viego,True
EUW1_6960749774,Viego,False
EUW1_6961734202,Viego,True
EUW1_6949140774,Viego,True
EUW1_6962460595,Viego,True
EUW1_6956591249,Viego,False
EUW1_6956582282,Viego,True
EUW1_6959304541,Viego,True
EUW1_6952626977,Viego,True
EUW1_6960380212,Viego,True
EUW1_6959808286,Viego,True
EUW1_6955991857,Viego,True
EUW1_6958535360,Viego,True
EUW1_6958153721,Viego,True
EUW1_6956570241,Viego,True
EUW1_6962833951,Viego,True
EUW1_6960786048,Viego,False
EUW1_6948031022,Viego,True
EUW1_6946362431,Viego,True
EUW1_6961314437,Viego,False
EUW1_6963195507,Viego,True
EUW1_6960581157,Viego,True
EUW1_6960156156,Viego,True
EUW1_6952490565,Viego,True
EUW1_6952150646,Viego,False
EUW1_6956798879,Viego,True
EUW1_6962240929,Viego,True
EUW1_6946951627,Viego,True
EUW1_6960504603,Viego,False
EUW1_6955372549,Viego,False
EUW1_6960026768,Viego,False
EUW1_6962319060,Viego,False
EUW1_6957958475,Viego,True
EUW1_6961296887,Viego,False
EUW1_6962832052,Viego,True
EUW1_6962562121,Viego,True
EUW1_6960788285,Viego,False
EUW1_6957806060,Viego,True
EUW1_6957796720,Viego,False
EUW1_6962590748,Viego,False
EUW1_6948043516,Viego,True
EUW1_6961400421,Viego,True
EUW1_6962035598,Viego,False
EUW1_6949218367,Viego,False
EUW1_6962830442,Viego,False
EUW1_6955734226,Viego,True
EUW1_6960944543,Viego,True
EUW1_6962259679,Viego,False
EUW1_6960901755,Viego,True
EUW1_6961878960,Viego,True
EUW1_6962774778,Viego,True
EUW1_6960437021,Viego,True
EUW1_6961034129,Viego,False
EUW1_6960984391,Viego,False
EUW1_6963057854,Viego,True
EUW1_6958984651,Viego,True
EUW1_6956747551,Viego,False
EUW1_6960545775,Viego,True
EUW1_6960488833,Viego,False
EUW1_6950984621,Viego,False
EUW1_6961421788,Viego,False
EUW1_6962093317,Viego,False
EUW1_6956679993,Viego,False
EUW1_6954559734,Viego,False
EUW1_6948538241,Viego,False
EUW1_6961479529,Viego,True
EUW1_6953583551,Viego,False
EUW1_6962496365,Viego,True
EUW1_6961544626,Viego,True
EUW1_6947830920,Viego,True
EUW1_6963140766,Viego,False
EUW1_6962126124,Viego,True
EUW1_6960709821,Viego,True
EUW1_6950013982,Viego,True
EUW1_6951212066,Viego,False
EUW1_6960645128,Viego,True
EUW1_6953387325,Viego,True
EUW1_6953370416,Viego,False
EUW1_6953947150,Viego,True
EUW1_6959102651,Viego,True
EUW1_6959067046,Viego,True
EUW1_6947101906,Viego,False
EUW1_6960115418,Viego,False
EUW1_6961697954,Viego,False
EUW1_6954112312,Viego,False
EUW1_6960092790,Viego,True
EUW1_6951682027,Viego,False
EUW1_6961460990,Viego,False
EUW1_6958138770,Viego,False
EUW1_6957006716,Viego,False
EUW1_6952893060,Viego,True
EUW1_6961011881,Viego,True
EUW1_6947974499,Viego,True
EUW1_6961838451,Viego,False
EUW1_6961453757,Viego,True
EUW1_6961990555,Viego,True
EUW1_6960248936,Viego,False
EUW1_6962159076,Viego,True
EUW1_6956743658,Viego,True
EUW1_6961152265,Viego,False
EUW1_6960690037,Viego,False
EUW1_6961471509,Viego,False
EUW1_6956689756,Viego,True
EUW1_6960284890,Viego,False
EUW1_6961426347,Viego,True
EUW1_6960320033,Viego,True
EUW1_6958114300,Viego,True
EUW1_6958074801,Viego,False
EUW1_6956576176,Viego,True
EUW1_6962439712,Viego,False
EUW1_6961630997,Viego,True
EUW1_6962095497,Viego,True
EUW1_6954989737,Viego,False
EUW1_6958915116,Viego,True
EUW1_6958103031,Viego,False
EUW1_6955678909,Viego,False
EUW1_6955161699,Viego,True
EUW1_6958071979,Viego,False
EUW1_6961468695,Viego,True
EUW1_6962440854,Viego,False
EUW1_6946622944,Viego,False
EUW1_6960582286,Viego,True
EUW1_6950443019,Viego,False
EUW1_6961351432,Viego,False
EUW1_6959797396,Viego,True
EUW1_6962456516,Viego,True
EUW1_6960189395,Viego,True
EUW1_6956240714,Viego,True
EUW1_6952319632,Viego,True
EUW1_6963295658,Viego,True
EUW1_6956611678,Viego,False
EUW1_6956084223,Viego,False
EUW1_6962262056,Viego,False
EUW1_6949180406,Viego,False
EUW1_6952153857,Viego,True
EUW1_6962895384,Viego,False
EUW1_6959060703,Viego,False
EUW1_6952556681,Viego,False
EUW1_6951197687,Viego,False
EUW1_6959208806,Viego,False
EUW1_6962404091,Viego,False
EUW1_6962815047,Viego,True
EUW1_6962218364,Viego,True
EUW1_6955199117,Viego,False
EUW1_6962024976,Viego,False
EUW1_6956233240,Viego,True
EUW1_6960163089,Viego,True
EUW1_6957503012,Viego,True
EUW1_6961659380,Viego,False
EUW1_6960534300,Viego,False
EUW1_6959933064,Viego,False
EUW1_6959904104,Viego,False
EUW1_6959678945,Viego,True
EUW1_6959651056,Viego,False
EUW1_6961185494,Viego,False
EUW1_6961144740,Viego,True
EUW1_6962441757,Viego,False
EUW1_6962433939,Viego,True
EUW1_6961488748,Viego,True
EUW1_6950786435,Viego,False
EUW1_6962168778,Viego,False
EUW1_6960317832,Viego,True
EUW1_6955046383,Viego,False
EUW1_6962108782,Viego,True
EUW1_6958129779,Viego,False
EUW1_6951678412,Viego,False
EUW1_6963103887,Viego,True
EUW1_6961653178,Viego,True
EUW1_6961902908,Viego,True
EUW1_6962601049,Viego,True
EUW1_6960665025,Viego,True
EUW1_6961199291,Viego,False
EUW1_6962099263,Viego,False
EUW1_6962510617,Viego,True
EUW1_6955864410,Viego,False
EUW1_6956824739,Viego,True
EUW1_6961002630,Viego,False
EUW1_6957703430,Viego,False
EUW1_6959172795,Viego,False
EUW1_6957104424,Viego,False
EUW1_6962209981,Viego,False
EUW1_6962401099,Viego,False
EUW1_6963258303,Viego,False
EUW1_6952275687,Viego,False
EUW1_6960293928,Viego,True
EUW1_6960553780,Viego,False
EUW1_6957742853,Viego,True
EUW1_6957965416,Viego,True
EUW1_6956640329,Viego,True
EUW1_6956446115,Viego,False
EUW1_6955636578,Viego,False
EUW1_6962902120,Viego,True
EUW1_6962887454,Viego,True
EUW1_6962738172,Viego,True
EUW1_6959809493,Viego,False
EUW1_6962683307,Viego,False
EUW1_6961703092,Viego,True
EUW1_6959211121,Viego,True
EUW1_6962020394,Viego,False
EUW1_6957618963,Viego,True
EUW1_6952663154,Viego,False
EUW1_6962199700,Viego,False
EUW1_6958611357,Viego,True
EUW1_6958871242,Viego,False
EUW1_6949587751,Viego,True
EUW1_6958971970,Viego,True
EUW1_6955171688,Viego,False
EUW1_6959639859,Viego,False
EUW1_6960202996,Viego,False
EUW1_6959773163,Viego,False
EUW1_6959260391,Viego,False
EUW1_6962367733,Viego,True
EUW1_6962359602,Viego,True
EUW1_6962131400,Viego,False
EUW1_6960751893,Viego,False
EUW1_6962028123,Viego,True
EUW1_6960177145,Viego,True
EUW1_6956517813,Viego,False
EUW1_6962423023,Viego,True
EUW1_6961548930,Viego,True
EUW1_6961485092,Viego,True
EUW1_6963009915,Viego,True
EUW1_6956562861,Viego,False
EUW1_6956862339,Viego,True
EUW1_6961029720,Viego,True
EUW1_6959024130,Viego,True
EUW1_6955186766,Viego,True
EUW1_6955128857,Viego,True
EUW1_6955098767,Viego,True
EUW1_6955042746,Viego,True
EUW1_6954991514,Viego,True
EUW1_6961466049,Viego,False
EUW1_6959437493,Viego,True
EUW1_6961510007,Viego,False
EUW1_6946100251,Viego,True
EUW1_6962085091,Viego,True
EUW1_6962413463,Viego,False
EUW1_6961564991,Viego,True
EUW1_6962332290,Viego,False
EUW1_6961680298,Viego,False
EUW1_6956197018,Viego,False
EUW1_6963049610,Viego,False
EUW1_6962112333,Viego,True
EUW1_6958984202,Viego,False
EUW1_6959912758,Viego,False
EUW1_6961294119,Viego,True
EUW1_6957992668,Viego,True
EUW1_6957965801,Viego,True
EUW1_6961188607,Viego,False
EUW1_6959479262,Viego,True
EUW1_6961055544,Viego,True
EUW1_6963333055,Viego,False
EUW1_6961047770,Viego,False
EUW1_6957052780,Viego,True
EUW1_6949474683,Viego,True
EUW1_6955508910,Viego,False
EUW1_6961944854,Viego,False
EUW1_6961685421,Viego,True
EUW1_6961198710,Viego,False
EUW1_6946404127,Viego,False
EUW1_6954592786,Viego,False
EUW1_6962350036,Viego,False
EUW1_6962353475,Viego,True
EUW1_6950613922,Viego,False
EUW1_6957676350,Viego,False
EUW1_6952274930,Viego,False
EUW1_6952250194,Viego,False
EUW1_6961010557,Viego,False
EUW1_6959499586,Viego,True
EUW1_6960827638,Viego,False
EUW1_6960811046,Viego,False
EUW1_6958237849,Viego,True
EUW1_6957193622,Viego,True
EUW1_6955952425,Viego,True
EUW1_6961520012,Viego,False
EUW1_6959610183,Viego,True
EUW1_6951024494,Viego,False
EUW1_6961272132,Viego,False
EUW1_6960104767,Viego,True
EUW1_6962424432,Viego,False
EUW1_6948773875,Viego,True
EUW1_6948731453,Viego,True
EUW1_6962594305,Viego,True
EUW1_6962297601,Viego,False
EUW1_6962484259,Viego,True
EUW1_6962807955,Viego,False
EUW1_6961794341,Viego,False
EUW1_6951303311,Viego,False
EUW1_6962656495,Viego,False
EUW1_6962044421,Viego,True
EUW1_6957447358,Viego,False
EUW1_6960838315,Viego,False
EUW1_6960725819,Viego,False
EUW1_6962186721,Viego,False
EUW1_6957200098,Viego,True
EUW1_6961386486,Viego,True
EUW1_6960246023,Viego,False
EUW1_6961436195,Viego,True
EUW1_6961499577,Viego,True
EUW1_6959437146,Viego,False
EUW1_6962600195,Viego,True
EUW1_6961571180,Viego,True
EUW1_6961868784,Viego,True
EUW1_6957645641,Viego,True
EUW1_6957626763,Viego,True
EUW1_6959108479,Viego,False
EUW1_6961643905,Viego,False
EUW1_6963019889,Viego,False
EUW1_6954134092,Viego,True
EUW1_6960562185,Viego,False
EUW1_6960135826,Viego,False
EUW1_6955161702,Viego,False
EUW1_6957095453,Viego,False
EUW1_6948858690,Viego,True
EUW1_6959437193,Viego,False
EUW1_6956269096,Viego,False
EUW1_6962758142,Viego,True
EUW1_6950423764,Viego,True
EUW1_6961339901,Viego,False
EUW1_6960204558,Viego,False
EUW1_6962217002,Viego,False
EUW1_6960724237,Viego,False
EUW1_6962760115,Viego,False
EUW1_6962287165,Viego,False
EUW1_6962263312,Viego,False
EUW1_6953258691,Viego,True
EUW1_6959305921,Viego,False
EUW1_6959317714,Viego,False
EUW1_6958291801,Viego,False
EUW1_6960359476,Viego,True
EUW1_6955636928,Viego,False
EUW1_6957584754,Viego,True
EUW1_6958814169,Viego,True
EUW1_6958153979,Viego,False
EUW1_6957995605,Viego,False
EUW1_6954661627,Viego,True
EUW1_6960985962,Viego,True
EUW1_6947383276,Viego,True
EUW1_6962582500,Viego,False
EUW1_6955518444,Viego,True
EUW1_6955143699,Viego,True
EUW1_6962486091,Viego,False
EUW1_6956542526,Viego,False
EUW1_6959035264,Viego,False
EUW1_6959070885,Viego,True
EUW1_6958589079,Viego,True
EUW1_6959525930,Viego,False
EUW1_6959085401,Viego,False
EUW1_6947144862,Viego,False
EUW1_6959913612,Viego,False
EUW1_6952153452,Viego,True
EUW1_6951553134,Viego,True
EUW1_6961309402,Viego,False
EUW1_6955936874,Viego,False
EUW1_6959319820,Viego,True
EUW1_6960559249,Viego,False
EUW1_6956843588,Viego,False
EUW1_6962252862,Viego,True
EUW1_6958041484,Viego,True
EUW1_6962849663,Viego,False
EUW1_6956414412,Viego,True
EUW1_6961798666,Viego,True
EUW1_6960467433,Viego,True
EUW1_6960296233,Viego,True
EUW1_6952181981,Viego,False
EUW1_6957978278,Viego,True
EUW1_6962667452,Viego,False
EUW1_6962825797,Viego,False
EUW1_6961738002,Viego,True
EUW1_6961037250,Viego,True
EUW1_6958744445,Viego,True
EUW1_6956967071,Viego,False
EUW1_6959520273,Viego,False
EUW1_6959951152,Viego,True
EUW1_6962079107,Viego,True
EUW1_6957668435,Viego,False
EUW1_6961539403,Viego,True
EUW1_6953359370,Viego,True
EUW1_6953344790,Viego,True
EUW1_6954353024,Viego,True
EUW1_6954334461,Viego,True
EUW1_6956962514,Viego,False
EUW1_6954232272,Viego,True
EUW1_6954106769,Viego,False
EUW1_6948564768,Viego,True
EUW1_6948169671,Viego,True
EUW1_6963032132,Viego,True
EUW1_6962051788,Viego,False
EUW1_6962011171,Viego,False
EUW1_6960645118,Viego,False
EUW1_6961562008,Viego,True
EUW1_6957516337,Viego,True
EUW1_6962316657,Viego,True
EUW1_6960915751,Viego,False
EUW1_6958207054,Viego,True
EUW1_6962004458,Viego,False
EUW1_6959236765,Viego,False
EUW1_6956002169,Viego,True
EUW1_6948814692,Viego,False
EUW1_6961080153,Viego,False
EUW1_6958667752,Viego,True
EUW1_6958124130,Viego,True
EUW1_6959243901,Viego,True
EUW1_6961837426,Viego,True
